N,POT,N/POT,error
ZP,ZPBDT, ,
10.0,2.568e+20,3.894080996884735,1.231416534333481
ZP,ZPLOOSESEL, ,
238.0,2.568e+20,92.6791277258567,6.007495568746695
ZP,None, ,
2527.0,2.568e+20,984.0342679127725,19.575262815509042
